{
    "format_version": 2,
"publisher": "Enderbricks",
"publisher id": "22en132322r9",
    "header": {
        "description": "",
        "name": "Enderbrick Client",
        "uuid": "0fbe4063-dbe1-4281-9b89-ff9390653530",
        "version": [
            1,
            13,
            0
        ],
        "min_engine_version": [
            1,
            13,
            0
        ]
    },
    "modules": [
        {
            "description": "",
            "type": "resources",
            "uuid": "3d2bfc95-b48b-42a0-ad12-0383d22d9256",
            "version": [
                0,
                0,
                1
            ]
        }
    ]
}
