{
  "format_version": "1.14.0",
  "sound_definitions": {
    "music.menu": {
     "category": "music",
     "sounds": [
       {
         "name": "DLC_content/Music/00",
         "stream": true,
         "volume": 0.3,
         "load_on_low_memory": true
       }
     ]
   },
   "click.welcome": {
     "category": "ui",
     "sounds": [
       {
         "name": "ui/Sounds/welcome",
         "volume": 0.3,
         "load_on_low_memory": true
        }
      ]
    }
  }
}